"site","cookie_index","name","HttpOnly","Secure","SameSite","Path"
"abcnews.go.com","1","region","False","False","Unset","/"
"abcnews.go.com","2","_dcf","False","False","Unset","/"
"abcnews.go.com","3","SWID","False","False","Unset","/"
"abcnews.go.com","4","userab_1","False","False","Unset","/"
"apnews.com","1","__cf_bm","True","False","Unset","/"
"apnews.com","2","__cf_bm","True","True","None","/"
"britannica.com","1","bcomID","False","False","Unset","/"
"britannica.com","2","SessionAuth","True","False","Unset","/"
"britannica.com","3","subreturn","False","False","Unset","/"
"britannica.com","4","webstats","False","False","Unset","/"
"britannica.com","5","__mendel","False","False","Unset","/"
"britannica.com","6","__cf_bm","True","True","None","/"
"buzzfeed.com","1","bf-geo-country","False","False","Unset","/"
"buzzfeed.com","2","ccpa","False","False","Unset","/"
"buzzfeed.com","3","next-i18next","False","False","Unset","/"
"buzzfeed.com","4","dsl25_frhf","False","False","Unset","Unset"
"buzzfeed.com","5","bf-geo-country","False","False","Unset","/"
"buzzfeed.com","6","ccpa","False","False","Unset","/"
"cbslocal.com","1","fly_device","False","False","Unset","/"
"cbslocal.com","2","fly_geo","False","False","Unset","/"
"cdc.gov","1","akamai_visit_id","False","True","None","/"
"cdc.gov","2","akamai_visit_id","False","True","None","/"
"cdc.gov","3","Akamai-Request-ID","False","True","None","/"
"change.org","1","_change_session","True","True","Lax","/"
"change.org","2","_change_lang","False","True","Strict","/"
"change.org","3","_cfuvid","True","True","None","/"
"cloudflare.com","1","__cf_bm","True","False","Unset","/"
"cloudflare.com","2","_cfms_willow","False","True","Strict","/"
"cloudflare.com","3","_ga","False","False","Unset","/"
"cloudflare.com","4","cfz_google-analytics_v4","True","True","Lax","/"
"cloudflare.com","5","cfz_adobe","True","True","Lax","/"
"cloudflare.com","6","kndctr_8AD56F28618A50850A495FB6_AdobeOrg_identity","False","True","Lax","/"
"cloudflare.com","7","__cf_bm","True","True","None","/"
"cpanel.net","1","__cf_bm","True","True","None","/"
"cpanel.net","2","_cfuvid","True","True","None","/"
"discord.com","1","_cfuvid","True","False","Unset","/"
"discord.com","2","__dcfduid","True","True","Lax","/"
"discord.com","3","__sdcfduid","True","True","Lax","/"
"discord.com","4","_cfuvid","True","True","None","/"
"dropbox.com","1","gvc","True","True","None","/"
"dropbox.com","2","t","True","True","None","/"
"dropbox.com","3","__Host-js_csrf","False","True","None","/"
"dropbox.com","4","__Host-ss","True","True","Strict","/"
"dropbox.com","5","locale","False","False","Unset","/"
"estadao.com.br","1","datadome","False","True","Lax","/"
"fandom.com","1","exp_bucket","False","False","Unset","/"
"fandom.com","2","exp_bucket_2","False","False","Unset","/"
"fandom.com","3","Geo","False","True","None","/"
"get.google.com","1","AEC","True","True","Lax","/"
"get.google.com","2","NID","True","False","Unset","/"
"gofundme.com","1","gdid","False","False","Unset","/"
"gofundme.com","2","gdid","False","False","Unset","/"
"gofundme.com","3","visitor","False","False","Unset","/"
"gofundme.com","4","gdid","False","False","Unset","/"
"goodreads.com","1","ccsid","False","False","Unset","/"
"goodreads.com","2","locale","False","False","Unset","/"
"goodreads.com","3","_session_id2","True","False","Unset","/"
"google.co.jp","1","AEC","True","True","Lax","/"
"google.co.jp","2","NID","True","False","Unset","/"
"google.com.tw","1","AEC","True","True","Lax","/"
"google.com.tw","2","NID","True","False","Unset","/"
"google.es","1","AEC","True","True","Lax","/"
"google.es","2","NID","True","False","Unset","/"
"google.it","1","AEC","True","True","Lax","/"
"google.it","2","NID","True","False","Unset","/"
"google.ru","1","AEC","True","True","Lax","/"
"google.ru","2","NID","True","False","Unset","/"
"independent.co.uk","1","esi-permutive-id","False","True","Unset","/"
"independent.co.uk","2","esi-permutive-id","False","True","Unset","/"
"independent.co.uk","3","Locale","False","False","Unset","Unset"
"independent.co.uk","4","Locale","False","False","Unset","/"
"independent.co.uk","5","esi-permutive-id","False","True","Unset","/"
"independent.co.uk","6","Locale","False","False","Unset","/"
"independent.co.uk","7","gdpr","False","False","Unset","/"
"independent.co.uk","8","subscriber_origin","False","False","Unset","/"
"independent.co.uk","9","_pc_subscriber_origin","False","False","Unset","/"
"independent.co.uk","10","is_mobile_or_tablet","False","True","Unset","/"
"independent.co.uk","11","esi-uuid","True","True","Unset","/"
"independent.co.uk","12","esi-permutive-id","False","True","Unset","/"
"independent.co.uk","13","Locale","False","False","Unset","/"
"independent.co.uk","14","gdpr","False","False","Unset","/"
"independent.co.uk","15","subscriber_origin","False","False","Unset","/"
"independent.co.uk","16","_pc_subscriber_origin","False","False","Unset","/"
"independent.co.uk","17","is_mobile_or_tablet","False","True","Unset","/"
"independent.co.uk","18","esi-uuid","True","True","Unset","/"
"independent.co.uk","19","esi-permutive-id","False","True","Unset","/"
"jstor.org","1","UUID","False","True","None","/"
"jstor.org","2","csrftoken","False","True","Lax","/"
"jstor.org","3","ReferringRequestId","False","True","Lax","/"
"lemonde.fr","1","lmd_a_c","False","False","Unset","/"
"mail.google.com","1","__Host-GAPS","True","True","Unset","/"
"mail.google.com","2","__Host-GAPS","True","True","Unset","/"
"mail.google.com","3","__Host-GAPS","True","True","Unset","/"
"mashable.com","1","__cf_bm","True","False","Unset","/"
"mashable.com","2","__cf_bm","True","True","None","/"
"msn.com","1","_C_ETH","True","True","Unset","/"
"msn.com","2","_C_Auth","False","False","Unset","Unset"
"msn.com","3","sptmarket","False","False","Unset","/"
"msn.com","4","MUID","False","True","None","/"
"msn.com","5","MUIDB","True","False","Unset","/"
"msn.com","6","_EDGE_S","True","False","Unset","/"
"msn.com","7","_EDGE_V","True","False","Unset","/"
"narod.ru","1","__ddg8_","False","False","Unset","/"
"narod.ru","2","__ddg10_","False","False","Unset","/"
"narod.ru","3","__ddg9_","False","False","Unset","/"
"narod.ru","4","__ddg1_","True","False","Unset","/"
"narod.ru","5","__ddg8_","False","False","Unset","/"
"narod.ru","6","__ddg10_","False","False","Unset","/"
"narod.ru","7","__ddg9_","False","False","Unset","/"
"narod.ru","8","__ddg1_","True","False","Unset","/"
"nba.com","1","_abck","False","True","Unset","/"
"nba.com","2","bm_sz","False","False","Unset","/"
"nbcnews.com","1","ng_geolocation","False","True","None","/"
"nbcnews.com","2","akaas_NBCNews","False","True","None","/"
"pbs.org","1","pbsol.station","False","True","None","/"
"pbs.org","2","pbsol.station_id","False","True","None","/"
"pinterest.com","1","csrftoken","False","True","Lax","/"
"pinterest.com","2","_pinterest_sess","True","True","None","/"
"pinterest.com","3","_auth","True","True","Unset","/"
"pinterest.com","4","_routing_id","True","False","Unset","/"
"playstation.com","1","country","False","True","Unset","/"
"playstation.com","2","country","False","True","Unset","/"
"privacyshield.gov","1","CookieConsentPolicy","False","True","Unset","/"
"privacyshield.gov","2","LSKey-c$CookieConsentPolicy","False","True","Unset","/"
"privacyshield.gov","3","CookieConsentPolicy","False","True","Unset","/"
"privacyshield.gov","4","LSKey-c$CookieConsentPolicy","False","True","Unset","/"
"privacyshield.gov","5","CookieConsentPolicy","False","True","Unset","/"
"privacyshield.gov","6","LSKey-c$CookieConsentPolicy","False","True","Unset","/"
"privacyshield.gov","7","CookieConsentPolicy","False","True","Unset","/"
"privacyshield.gov","8","LSKey-c$CookieConsentPolicy","False","True","Unset","/"
"privacyshield.gov","9","ARRAffinity","True","True","Unset","/"
"privacyshield.gov","10","ARRAffinitySameSite","True","True","None","/"
"rakuten.co.jp","1","Apache","False","False","Unset","/"
"salesforce.com","1","ak_loc","False","False","Unset","/"
"salesforce.com","2","akacd_prospect_hp_prod_split","False","True","None","/"
"salesforce.com","3","_abck","False","True","Unset","/"
"salesforce.com","4","bm_sz","False","False","Unset","/"
"sciencemag.org","1","__cf_bm","True","True","None","/"
"scmp.com","1","__cf_bm","True","True","None","/"
"sfgate.com","1","_pxhd","False","True","Unset","/"
"sfgate.com","2","_HFID","False","True","Unset","/"
"sfgate.com","3","location_data","False","True","Strict","/"
"sfgate.com","4","ab_bucket","False","True","None","/"
"stackoverflow.com","1","__cf_bm","True","False","Unset","/"
"stackoverflow.com","2","_cfuvid","True","False","Unset","/"
"stackoverflow.com","3","prov","True","True","None","/"
"stackoverflow.com","4","__cflb","True","False","Lax","/"
"stackoverflow.com","5","prov","True","False","Unset","/"
"stackoverflow.com","6","__cf_bm","True","True","None","/"
"stackoverflow.com","7","_cfuvid","True","True","None","/"
"stackoverflow.com","8","prov","True","True","None","/"
"stackoverflow.com","9","__cflb","True","False","Lax","/"
"stackoverflow.com","10","prov","True","False","Unset","/"
"stackoverflow.com","11","__cf_bm","True","True","None","/"
"stackoverflow.com","12","_cfuvid","True","True","None","/"
"substack.com","1","ab_experiment_sampled","True","True","Lax","/"
"substack.com","2","ab_testing_id","True","True","Lax","/"
"substack.com","3","__cf_bm","True","False","Unset","/"
"substack.com","4","ab_experiment_sampled","True","True","Lax","/"
"substack.com","5","ab_testing_id","True","True","Lax","/"
"substack.com","6","AWSALBTG","False","False","Unset","/"
"substack.com","7","AWSALBTGCORS","False","True","None","/"
"substack.com","8","cookie_storage_key","False","True","None","/"
"substack.com","9","ajs_anonymous_id","False","False","Strict","/"
"substack.com","10","visit_id","True","False","Strict","/"
"substack.com","11","__cf_bm","True","True","None","/"
"substack.com","12","ab_experiment_sampled","True","True","Lax","/"
"substack.com","13","ab_testing_id","True","True","Lax","/"
"substack.com","14","AWSALBTG","False","False","Unset","/"
"substack.com","15","AWSALBTGCORS","False","True","None","/"
"substack.com","16","cookie_storage_key","False","True","None","/"
"substack.com","17","ajs_anonymous_id","False","False","Strict","/"
"substack.com","18","visit_id","True","False","Strict","/"
"substack.com","19","__cf_bm","True","True","None","/"
"surveymonkey.com","1","attr_multitouch","False","True","None","/"
"surveymonkey.com","2","cdp_seg","False","True","None","/"
"surveymonkey.com","3","ep201","False","True","None","/"
"surveymonkey.com","4","ep202","False","True","None","/"
"surveymonkey.com","5","ep203","True","True","None","/"
"theguardian.com","1","GU_mvt_id","False","True","Unset","/"
"theguardian.com","2","gu_client_ab_tests","False","False","Unset","/"
"theguardian.com","3","gu_v2_mvt_id","False","False","Unset","/"
"theguardian.com","4","GU_geo_country","False","True","Unset","/"
"theguardian.com","5","GU_mvt_id","False","True","Unset","/"
"theguardian.com","6","gu_client_ab_tests","False","False","Unset","/"
"theguardian.com","7","gu_v2_mvt_id","False","False","Unset","/"
"theguardian.com","8","GU_geo_country","False","True","Unset","/"
"thetimes.co.uk","1","nuk_customer_location_hint","False","False","Unset","/"
"thetimes.co.uk","2","nuk_zephr_decisions","False","False","Unset","/"
"thetimes.co.uk","3","access-details","False","False","Unset","/"
"thetimes.co.uk","4","access-result","False","False","Unset","/"
"thetimes.co.uk","5","vip-go-seg","False","False","Unset","/"
"thetimes.co.uk","6","access-decisions","False","False","Unset","/"
"thetimes.co.uk","7","nuk_ni_statuscode","False","False","Unset","Unset"
"thetimes.co.uk","8","nuk_customer_country_code","False","True","Unset","/"
"thetimes.co.uk","9","euconsent-v2","False","False","Unset","/"
"thetimes.co.uk","10","_tm_com_p","False","False","Unset","/"
"translate.google.com","1","NID","True","False","Unset","/"
"translate.google.com","2","NID","True","False","Unset","/"
"tripadvisor.com","1","datadome","False","True","Lax","/"
"tripadvisor.com","2","TAUnique","True","False","Unset","/"
"unesco.org","1","TS0121e8f2","False","True","None","/"
"unsplash.com","1","require_cookie_consent","False","False","Unset","/"
"unsplash.com","2","require_cookie_consent","False","False","Unset","/"
"usatoday.com","1","gup_anonid","False","True","Lax","/"
"usatoday.com","2","gup_clientid","False","True","Lax","/"
"usatoday.com","3","gnt_ub","False","True","Lax","/"
"usatoday.com","4","gnt_sb","False","True","Lax","/"
"usatoday.com","5","gnt_eid","False","True","Lax","/"
"usatoday.com","6","gnt_w","False","True","Lax","/"
"usatoday.com","7","gnt_i","False","True","Lax","/"
"usatoday.com","8","_ga","False","True","Lax","/"
"vistaprint.com","1","__cf_bm","True","False","Unset","/"
"vistaprint.com","2","__cf_bm","True","True","None","/"
"vistaprint.com","3","_ub-s","False","False","Unset","/"
"vistaprint.com","4","userContext","False","False","Unset","/"
"vistaprint.com","5","ucSearchParams","False","False","Unset","/"
"vistaprint.com","6","testUserId","False","False","Unset","/"
"vistaprint.com","7","optimizelyEndUserId","False","False","Unset","/"
"vistaprint.com","8","ftContext","False","False","Unset","/"
"vistaprint.com","9","cf-region-code","False","True","None","/"
"vistaprint.com","10","cf-ipcountry","False","True","None","/"
"vistaprint.com","11","vp-bot-score","False","True","None","/"
"vistaprint.com","12","vp-bot-verified","False","True","None","/"
"vistaprint.com","13","vp-bot-category","False","True","None","/"
"vistaprint.com","14","__cf_bm","True","True","None","/"
"walmart.com","1","akavpau_p2","True","False","Unset","/"
"walmart.com","2","isoLoc","False","False","Unset","/"
"walmart.com","3","akavpau_p2","True","True","None","/"
"webnode.page","1","PHPSESSID","True","True","Lax","/"
"webnode.page","2","ubh","True","False","Unset","/"
"webnode.page","3","usi","True","False","Unset","/"
"webnode.page","4","tu","False","False","Unset","Unset"
"webnode.page","5","mfd","False","False","Unset","Unset"
"webnode.page","6","mfdp","False","False","Unset","Unset"
"webnode.page","7","PHPSESSID","True","True","Lax","/"
"webnode.page","8","ubh","True","False","Unset","/"
"webnode.page","9","usi","True","False","Unset","/"
"webnode.page","10","tu","False","False","Unset","Unset"
"webnode.page","11","mfd","False","False","Unset","Unset"
"webnode.page","12","mfdp","False","False","Unset","Unset"
"webnode.page","13","PHPSESSID","True","True","Lax","/"
"webnode.page","14","ubh","True","False","Unset","/"
"webnode.page","15","usi","True","False","Unset","/"
"webnode.page","16","tu","False","False","Unset","Unset"
"webnode.page","17","mfd","False","False","Unset","Unset"
"webnode.page","18","mfdp","False","False","Unset","Unset"
"webnode.page","19","hpversion","False","False","Unset","Unset"
"weibo.com","1","XSRF-TOKEN","False","True","Unset","/"
"wikihow.com","1","whv","False","True","Unset","/"
"wikihow.com","2","vr","False","True","Unset","/"
"wikihow.com","3","vi","False","True","Unset","/"
"wikimedia.org","1","WMF-Last-Access","True","True","Unset","/"
"wikimedia.org","2","WMF-Last-Access-Global","True","True","Unset","/"
"wikimedia.org","3","GeoIP","False","True","Unset","/"
"wikimedia.org","4","NetworkProbeLimit","False","True","None","/"
"wikimedia.org","5","WMF-Last-Access","True","True","Unset","/"
"wikimedia.org","6","GeoIP","False","True","Unset","/"
"wikimedia.org","7","NetworkProbeLimit","False","True","None","/"
"wikimedia.org","8","WMF-Uniq","True","True","None","/"
"workspace.google.com","1","NID","True","False","Unset","/"
"yandex.com","1","is_gdpr","False","False","Unset","/"
"yandex.com","2","is_gdpr_b","False","False","Unset","/"
"yandex.com","3","_yasc","False","True","Unset","/"
"yandex.com","4","bh","False","False","Unset","/"
"yandex.com","5","yandex_gid","False","False","Unset","/"
"yandex.com","6","yp","False","False","Unset","/"
"yandex.com","7","is_gdpr","False","False","Unset","/"
"yandex.com","8","is_gdpr_b","False","False","Unset","/"
"yandex.com","9","_yasc","False","True","Unset","/"
"yandex.com","10","i","True","True","Unset","/"
"yandex.com","11","yandexuid","False","True","Unset","/"
"yandex.com","12","yashr","True","True","Unset","/"
"yandex.com","13","bh","False","False","Unset","/"
