"site","final_status","cookies_total","cookies_httponly","cookies_secure","samesite_strict","samesite_lax","samesite_none","samesite_unset","path_set","path_non_root"
"abcnews.go.com","200","4","0","0","0","0","0","4","4","0"
"adobe.com","200","0","0","0","0","0","0","0","0","0"
"amazon.com","503","0","0","0","0","0","0","0","0","0"
"amebaownd.com","N/A","0","0","0","0","0","0","0","0","0"
"android.com","200","0","0","0","0","0","0","0","0","0"
"aol.com","429","0","0","0","0","0","0","0","0","0"
"apache.org","200","0","0","0","0","0","0","0","0","0"
"apnews.com","200","2","2","1","0","0","1","1","2","0"
"archives.gov","200","0","0","0","0","0","0","0","0","0"
"britannica.com","200","6","2","1","0","0","1","5","6","0"
"buzzfeed.com","200","6","0","0","0","0","0","6","5","0"
"cbc.ca","200","0","0","0","0","0","0","0","0","0"
"cbslocal.com","200","2","0","0","0","0","0","2","2","0"
"cdc.gov","200","3","0","3","0","0","3","0","3","0"
"change.org","200","3","2","3","1","1","1","0","3","0"
"cloudflare.com","200","7","4","5","1","3","1","2","7","0"
"cpanel.net","200","2","2","2","0","0","2","0","2","0"
"discord.com","200","4","4","3","0","2","1","1","4","0"
"doi.org","200","0","0","0","0","0","0","0","0","0"
"dropbox.com","200","5","3","4","1","0","3","1","5","0"
"estadao.com.br","200","1","0","1","0","1","0","0","1","0"
"europapress.es","200","0","0","0","0","0","0","0","0","0"
"fandom.com","200","3","0","1","0","0","1","2","3","0"
"g.co","200","0","0","0","0","0","0","0","0","0"
"get.google.com","200","2","2","1","0","1","0","1","2","0"
"giphy.com","200","0","0","0","0","0","0","0","0","0"
"gizmodo.com","200","0","0","0","0","0","0","0","0","0"
"globo.com","200","0","0","0","0","0","0","0","0","0"
"gofundme.com","200","4","0","0","0","0","0","4","4","0"
"goo.gl","400","0","0","0","0","0","0","0","0","0"
"goodreads.com","200","3","1","0","0","0","0","3","3","0"
"google.co.jp","200","2","2","1","0","1","0","1","2","0"
"google.com.tw","200","2","2","1","0","1","0","1","2","0"
"google.es","200","2","2","1","0","1","0","1","2","0"
"google.it","200","2","2","1","0","1","0","1","2","0"
"google.ru","200","2","2","1","0","1","0","1","2","0"
"gravatar.com","200","0","0","0","0","0","0","0","0","0"
"harvard.edu","200","0","0","0","0","0","0","0","0","0"
"histats.com","200","0","0","0","0","0","0","0","0","0"
"howstuffworks.com","200","0","0","0","0","0","0","0","0","0"
"independent.co.uk","200","19","2","9","0","0","0","19","18","0"
"instructables.com","200","0","0","0","0","0","0","0","0","0"
"jstor.org","200","3","0","3","0","2","1","0","3","0"
"lemonde.fr","200","1","0","0","0","0","0","1","1","0"
"line.me","200","0","0","0","0","0","0","0","0","0"
"mail.google.com","200","3","3","3","0","0","0","3","3","0"
"mashable.com","200","2","2","1","0","0","1","1","2","0"
"merriam-webster.com","200","0","0","0","0","0","0","0","0","0"
"msn.com","404","7","4","2","0","0","1","6","6","0"
"narod.ru","200","8","2","0","0","0","0","8","8","0"
"nba.com","200","2","0","1","0","0","0","2","2","0"
"nbcnews.com","200","2","0","2","0","0","2","0","2","0"
"newsweek.com","403","0","0","0","0","0","0","0","0","0"
"nhk.or.jp","N/A","0","0","0","0","0","0","0","0","0"
"ovh.com","200","0","0","0","0","0","0","0","0","0"
"ovh.net","200","0","0","0","0","0","0","0","0","0"
"pbs.org","200","2","0","2","0","0","2","0","2","0"
"photos1.blogger.com","404","0","0","0","0","0","0","0","0","0"
"pinterest.com","200","4","3","3","0","1","1","2","4","0"
"playstation.com","200","2","0","2","0","0","0","2","2","0"
"plesk.com","200","0","0","0","0","0","0","0","0","0"
"privacyshield.gov","200","10","2","10","0","0","1","9","10","0"
"psychologytoday.com","200","0","0","0","0","0","0","0","0","0"
"rakuten.co.jp","200","1","0","0","0","0","0","1","1","0"
"sakura.ne.jp","200","0","0","0","0","0","0","0","0","0"
"salesforce.com","200","4","0","2","0","0","1","3","4","0"
"sciencemag.org","403","1","1","1","0","0","1","0","1","0"
"scmp.com","403","1","1","1","0","0","1","0","1","0"
"search.yahoo.com","500","0","0","0","0","0","0","0","0","0"
"sfgate.com","405","4","0","4","1","0","1","2","4","0"
"spiegel.de","200","0","0","0","0","0","0","0","0","0"
"ssl-images-amazon.com","N/A","0","0","0","0","0","0","0","0","0"
"stackoverflow.com","200","12","12","6","0","2","6","4","12","0"
"stanford.edu","200","0","0","0","0","0","0","0","0","0"
"substack.com","200","19","11","12","4","6","6","3","19","0"
"surveymonkey.com","200","5","1","5","0","0","5","0","5","0"
"t-online.de","200","0","0","0","0","0","0","0","0","0"
"telegra.ph","200","0","0","0","0","0","0","0","0","0"
"theguardian.com","200","8","0","4","0","0","0","8","8","0"
"thetimes.co.uk","200","10","0","1","0","0","0","10","9","0"
"translate.google.com","200","2","2","0","0","0","0","2","2","0"
"tripadvisor.com","403","2","1","1","0","1","0","1","2","0"
"twitter.com","520","0","0","0","0","0","0","0","0","0"
"unesco.org","200","1","0","1","0","0","1","0","1","0"
"unsplash.com","200","2","0","0","0","0","0","2","2","0"
"usatoday.com","200","8","0","8","0","8","0","0","8","0"
"variety.com","200","0","0","0","0","0","0","0","0","0"
"vistaprint.com","200","14","3","7","0","0","7","7","14","0"
"vk.com","418","0","0","0","0","0","0","0","0","0"
"walmart.com","200","3","2","1","0","0","1","2","3","0"
"webnode.page","200","19","9","3","0","3","0","16","9","0"
"weibo.com","200","1","0","1","0","0","0","1","1","0"
"wikihow.com","200","3","0","3","0","0","0","3","3","0"
"wikimedia.org","200","8","4","8","0","0","3","5","8","0"
"workspace.google.com","200","1","1","0","0","0","0","1","1","0"
"www.gov.uk","200","0","0","0","0","0","0","0","0","0"
"www.over-blog.com","200","0","0","0","0","0","0","0","0","0"
"yandex.com","200","13","2","5","0","0","0","13","13","0"
"ytimg.com","N/A","0","0","0","0","0","0","0","0","0"
"ziddu.com","200","0","0","0","0","0","0","0","0","0"
